volunteer_id,name,email,phone,teamleader_id,mentor_id,status,assigned_tasks
V001,Anu,anu@example.com,9876543210,TL001,M001,active,"[""Task1"",""Task2""]"
V002,John,john@example.com,9765432109,TL002,M001,active,"[""Task3""]"
V003,Sara,sara@example.com,9654321098,T021,M021,inactive,"[""Task4""]"
V004,Kiran,kiran@example.com,9543210987,T022,M021,active,"[""Task5"",""Task6""]"
,Genniya,Genniya@gmail.com,,T129,M301,inactive,
,Jisoo,Hirikau@gmail.com,,T120,M301,active,
volunteer_id,name,email,phone,teamleader_id,mentor_id,status,assigned_tasks
V236,Min,Min@gmail.com,8712390452,T072,M802,active,"['taging', 'ARS']"
V237,suga,suag@gmail.com,87902134567,T081,M801,inactive,"['design', 'laTex']"
V235,nija,nija@gmail.com,9763124790,T091,M082,inactive,"['paper work', 'srs']"
V234,sri,anu@example.com,9876543210,TL001,M001,active,"['event', 'coloring']"
